;name;AutoML;total time
0;Ex1;H2O;311.1247880458832
1;Ex1;TPOT;607.1933703422546
2;Ex2;H2O;350.88681411743164
3;Ex2;TPOT;475.3739573955536
4;Ex3;H2O;299.3333172798157
5;Ex3;TPOT;265.3681209087372
6;Ex4;H2O;283.5339472293854
7;Ex4;TPOT;236.57377099990845
