;name;AutoML;total time
0;Ex1;H2O;3013.6844363212585
1;Ex1;TPOT;462.37437200546265
2;Ex2;H2O;3483.795219182968
3;Ex2;TPOT;1302.8495497703552
4;Ex3;H2O;3323.7725126743317
5;Ex3;TPOT;263.45430183410645
6;Ex4;H2O;2722.0024523735046
7;Ex4;TPOT;234.48693227767944
