;Algorithm;Test;Accuracy;RMSE;MSE;MAE;MAPE;KGE;precision;recall;f1
0;ANN;Test;0.328665568369028;2.0692301332419043;4.28171334431631;1.4843492586490938;1.3599945085118066;-0.7112059341772452;0.8010697476533147;0.328665568369028;0.4660986342229273
1;RF;Test;0.49835255354200986;1.9376610843384023;3.754530477759473;1.240527182866557;1.2051619989017024;-0.595402184249699;0.9042639469396982;0.49835255354200986;0.6425737140246227
