;Algorithm;Test;Accuracy;RMSE;MSE;MAE;MAPE;KGE;precision;recall;f1
0;ANN;Test;0.18333333333333332;1.7748239349298849;3.15;1.4833333333333334;1.1888888888888889;-0.4195510491011083;0.6756862745098039;0.18333333333333332;0.28841208247736433
1;RF;Test;0.6166666666666667;0.9746794344808963;0.95;0.55;0.33888888888888885;0.2696984663113321;0.61;0.6166666666666667;0.6133152173913043
