;HEMOGLOBINLEVEL_PREGNANT_MEAN;HEMOGLOBINLEVEL_NONPREGNANT_ME;AIR_11;WSH_10
HEMOGLOBINLEVEL_PREGNANT_MEAN;1.0;0.946693937775757;-0.09378497639016851;-0.6181115822014088
HEMOGLOBINLEVEL_NONPREGNANT_ME;0.946693937775757;1.0;-0.11468490422718447;-0.5541899013157234
AIR_11;-0.09378497639016851;-0.11468490422718447;1.0;0.06185460162285105
WSH_10;-0.6181115822014088;-0.5541899013157234;0.06185460162285105;1.0
