;indicatorAnalyzingCode;missingDatasPercent;ig
0;HEMOGLOBINLEVEL_PREGNANT_MEAN;14.096916299559467;2.49557099891841
1;HEMOGLOBINLEVEL_NONPREGNANT_ME;14.096916299559467;2.5808223791547924
2;AIR_11;20.704845814977972;3.924286342631901
